{
    "total_runtime": 1992.357258796692,
    "num_documents": 1,
    "input_load_time": 0,
    "workflows": {
        "create_base_text_units": {
            "overall": 0.10749697685241699,
            "0_orderby": 0.0011780261993408203,
            "1_zip": 0.0013070106506347656,
            "2_aggregate_override": 0.0021409988403320312,
            "3_chunk": 0.08384895324707031,
            "4_select": 0.001672983169555664,
            "5_unroll": 0.002050638198852539,
            "6_rename": 0.0015048980712890625,
            "7_genid": 0.0018031597137451172,
            "8_unzip": 0.0019960403442382812,
            "9_copy": 0.001806020736694336,
            "10_filter": 0.0070340633392333984
        },
        "create_base_extracted_entities": {
            "overall": 1869.2596561908722,
            "0_entity_extract": 1869.2304949760437,
            "1_snapshot": 0.0074808597564697266,
            "2_merge_graphs": 0.014902114868164062,
            "3_snapshot_rows": 0.004368782043457031
        },
        "create_summarized_entities": {
            "overall": 22.44405508041382,
            "0_summarize_descriptions": 22.43634581565857,
            "1_snapshot_rows": 0.00475001335144043
        },
        "create_base_entity_graph": {
            "overall": 0.02686619758605957,
            "0_cluster_graph": 0.011823654174804688,
            "1_snapshot_rows": 0.0039098262786865234,
            "2_snapshot_rows": 0.003833770751953125,
            "3_select": 0.0038089752197265625
        },
        "create_final_entities": {
            "overall": 2.966416835784912,
            "0_unpack_graph": 0.006404876708984375,
            "1_rename": 0.0050868988037109375,
            "2_select": 0.005465269088745117,
            "3_dedupe": 0.007099151611328125,
            "4_rename": 0.00581812858581543,
            "5_filter": 0.01434016227722168,
            "6_text_split": 0.006627082824707031,
            "7_drop": 0.006366252899169922,
            "8_merge": 0.009788274765014648,
            "9_text_embed": 2.8708689212799072,
            "10_drop": 0.008260965347290039,
            "11_filter": 0.015300750732421875
        },
        "create_final_nodes": {
            "overall": 0.127089262008667,
            "0_layout_graph": 0.009359121322631836,
            "1_unpack_graph": 0.005717039108276367,
            "2_unpack_graph": 0.005675077438354492,
            "3_drop": 0.0050351619720458984,
            "4_filter": 0.011644840240478516,
            "5_select": 0.005251169204711914,
            "6_snapshot": 0.0056231021881103516,
            "7_rename": 0.005318164825439453,
            "8_convert": 0.053832292556762695,
            "9_join": 0.00888824462890625,
            "10_rename": 0.005886077880859375
        },
        "create_final_communities": {
            "overall": 0.23542308807373047,
            "0_unpack_graph": 0.006989955902099609,
            "1_unpack_graph": 0.006860017776489258,
            "2_aggregate_override": 0.030244112014770508,
            "3_join": 0.010276079177856445,
            "4_join": 0.008154153823852539,
            "5_concat": 0.006535053253173828,
            "6_filter": 0.042259931564331055,
            "7_aggregate_override": 0.007814168930053711,
            "8_join": 0.008648872375488281,
            "9_filter": 0.04236292839050293,
            "10_fill": 0.0077419281005859375,
            "11_merge": 0.030052900314331055,
            "12_copy": 0.012961149215698242,
            "13_select": 0.008355140686035156
        },
        "join_text_units_to_entity_ids": {
            "overall": 0.03205585479736328,
            "0_select": 0.007642984390258789,
            "1_unroll": 0.008111000061035156,
            "2_aggregate_override": 0.008416175842285156
        },
        "create_final_relationships": {
            "overall": 0.15793418884277344,
            "0_unpack_graph": 0.00879526138305664,
            "1_filter": 0.017264842987060547,
            "2_rename": 0.008070707321166992,
            "3_filter": 0.04201698303222656,
            "4_drop": 0.01073312759399414,
            "5_compute_edge_combined_degree": 0.009882926940917969,
            "6_convert": 0.044023752212524414,
            "7_convert": 0.009130239486694336
        },
        "join_text_units_to_relationship_ids": {
            "overall": 0.045599937438964844,
            "0_select": 0.00888204574584961,
            "1_unroll": 0.009196758270263672,
            "2_aggregate_override": 0.009598016738891602,
            "3_select": 0.009026050567626953
        },
        "create_final_community_reports": {
            "overall": 93.59658598899841,
            "0_prepare_community_reports_nodes": 0.009675979614257812,
            "1_prepare_community_reports_edges": 0.00959014892578125,
            "2_restore_community_hierarchy": 0.010596036911010742,
            "3_prepare_community_reports": 0.018002033233642578,
            "4_create_community_reports": 93.51638603210449,
            "5_window": 0.022863149642944336
        },
        "create_final_text_units": {
            "overall": 0.22076988220214844,
            "0_select": 0.015002965927124023,
            "1_rename": 0.014915704727172852,
            "2_join": 0.025462865829467773,
            "3_join": 0.0652470588684082,
            "4_aggregate_override": 0.056600093841552734,
            "5_select": 0.02964305877685547
        },
        "create_base_documents": {
            "overall": 0.2855088710784912,
            "0_unroll": 0.017529010772705078,
            "1_select": 0.016794919967651367,
            "2_rename": 0.017081737518310547,
            "3_join": 0.05094289779663086,
            "4_aggregate_override": 0.0307309627532959,
            "5_join": 0.024532079696655273,
            "6_rename": 0.0547330379486084,
            "7_convert": 0.05588197708129883
        },
        "create_final_documents": {
            "overall": 0.03212594985961914,
            "0_rename": 0.016051769256591797
        }
    }
}